{"version":1,"hash":{"type":"Buffer","data":"gbsgCe7UoXaKirPEMG2ShCHCuo+bRHcnJkob09eJesJ6BRUqRScwiNl/ISc6BasvB/0UZpk1p84E2ltHOxR8AwYVqUTwjvBGy7rnyR5cMeZ/Famk9Yhg5vmpcg7gxgk9fInivMrzem638ndlRm8unEir2gQMcm+Tvx05BFFUEbw="},"indexValueMap":{"KOZA/eGwo/Czvh14M05O+PgIvqc13i9BwYHXGUtt6T4=":{"valueMac":{"type":"Buffer","data":"Oe4LcTx6kvsNqpJztt+IjhzyphxbvylaHpmc0L9zoOw="}},"ceTohrRteEJvIZxbaKHSqYZgzLS9yfKt89gwhVe/B28=":{"valueMac":{"type":"Buffer","data":"Uf2HHTNTs2lSufzSci3cwRom/Dk4WUBOVl2NQn3PDe8="}},"Lc7tU5jd82KZJzSbY8hcga7RLVaWz7ff/tIyL0ddwyw=":{"valueMac":{"type":"Buffer","data":"x83NB3G6Z/bRbTr/9YFn1PqOvhGoXyVEUGP6AEDaow8="}},"dK4LRNPbFmh0Q8dOKbAx+YokgAFcLRqrsgT/QqcCmdk=":{"valueMac":{"type":"Buffer","data":"ZeueWTJocYzbRRzjh3MFIq8clhMjhwg7aLtPWmdwsv8="}},"MyrNjZXRO6SkfEAQqUlbwlH0EgEXIdvAq+I4m17K7Vs=":{"valueMac":{"type":"Buffer","data":"dG2bPnMZ58cw2ewpk4ozI/G40pl2Zc4z31jS4b+MCD4="}},"oJZzmGlaUin8pycM+lQWF6W7OYM8jIlFyVxK2r/IgQg=":{"valueMac":{"type":"Buffer","data":"nC5ebOelMeoIxAv0retIzo1sFOZtgUw3DyCMAdn/Q+E="}},"YJ0No4CydzztQIaarIiQwRhLcrVFkivhb/lYxYgWpDE=":{"valueMac":{"type":"Buffer","data":"iWncNv+HB6rRlUJ6LxVXAYPiOTyJ2GtlZQqxUtRxno4="}},"hJxORNLLUii02yhH3UajcKG+6uQC0bLlhD0eiHm6mx0=":{"valueMac":{"type":"Buffer","data":"DXqvOEO3LchL5vlItYSodrj2bqyPp7LMFSMpVrU8Ydw="}},"pQYjVsEUDXBNMVMbHRwjaKtpFff9lOtGnzdlgFWV/v0=":{"valueMac":{"type":"Buffer","data":"NmKu9IND5Ofx5BT/jjxnnACHPOFsgC5xnreAhPAcby8="}},"SsM9gjm0X9P1/z7sUZ/UpawuHo3oB36LoGeyMVN+adY=":{"valueMac":{"type":"Buffer","data":"weVcq9cVyio1FmQNNAx9c0icjW2+DtDnM0m1pdOOgmc="}},"/i5+NqqvzTSOfNxhEYkpu6wO/3sDHhDI8R8uKgUmFe0=":{"valueMac":{"type":"Buffer","data":"DbDrAPwLCWnZVawuttSPQBhevYM1Dmfam5ozGIiqnAY="}},"WZQLDeiotXCrrG687cMf43UK44OK32OpX/EZJngSGkU=":{"valueMac":{"type":"Buffer","data":"syYiele4Q3ICsIYPjykWCjTl6hZyGzirQ4Ycnh0pyV8="}},"9BrRjY6ae4tHYTl/4GRpuTZnY9V23au1UWCY1oMnJgk=":{"valueMac":{"type":"Buffer","data":"7HlwTLGy1sJkXSn83qUq8shO7dieDpEgSwqNbq2zAns="}}}}