{"version":1,"hash":{"type":"Buffer","data":"n0UzyrpHeQoy0RunwVDbFYoIpJdCsUGSb6y1nIKz964B7ylSW4xIqEWVEtYGLg7S464JJUTxJUniV018LhghZQcZDIzNKoboLc357RUJg9ztccvq4KwPiN0817ue9KmEKwXlHZzUeits74F5XcxXGZbN7aI15IPqVvfIMrdwBtQ="},"indexValueMap":{"cEqg1knYnlhxmUkj0USI2TYH8lbci3qT1IUyJWAasH4=":{"valueMac":{"type":"Buffer","data":"11se12z2M0Ho66EOl/seGTPRq+FWh7MTszcXEXGRmto="}},"aXTpUmchGQOMhe5t15UlQyqpGxPTjFmatAy1fuDYUzY=":{"valueMac":{"type":"Buffer","data":"xYD3W2qsnWb2+u3Sd7ZlIQUeGbvhrJhKBxU3QUvyckc="}},"yf1/7LsyqVH9jmVeOd7DqpA+yO1WSEBienjOeSLG9CY=":{"valueMac":{"type":"Buffer","data":"jdmJuRJcGz6YY1DKLzpYQWlsYLJbDZzvVjO878GZY24="}},"U1h2YOrcOaI0BobDJ8QjKb9BTHNnd4FwTV/TqWpbY8M=":{"valueMac":{"type":"Buffer","data":"o2/fQwchmlNwDh1TG+z033hVGjgKUfo18t2jDTo3+ZU="}},"LNCDIDQD1THWu3Ve5WE7lYK3RY2g6pmCvI5qLk9yK6I=":{"valueMac":{"type":"Buffer","data":"jglCD60qzwMezFDPqX3qWL4Hh1dT9zVQ6+/SJ+BBp68="}},"bYP0Q8jW9FpdimQDNQZXw45UfP86qwOlBqGAwkNGlcQ=":{"valueMac":{"type":"Buffer","data":"AJMz/g19S7EpoU498lz9zQw+7JkRF0cYiI46b+KEYe0="}},"zRz7CyiBfLJdkBW35A4XphDWh0TXFZjmO3YXNoyOkoE=":{"valueMac":{"type":"Buffer","data":"0CszglaZ81MqtOszrqLOR2JRxOvQyqIr5kyI8lT471E="}},"w8juOX9ytJoghKC+Ot/cBw6EBFS7ZEXVCkSTsC3ESdA=":{"valueMac":{"type":"Buffer","data":"+As4z3hGksjgJKb+O9YmLdTbA9H3pKQ6Dad9pK6MTKE="}},"38GECsr4kk83rVaOcA5ZqavNgTOAyQJdj5p1R7VZcSE=":{"valueMac":{"type":"Buffer","data":"Yu6pvLwjEQ3hEQ6ZkV8+Vpdu7jtjAd28cxf65H14XP0="}},"jfE1eUTxH10YcNNYWTYfvwS/BMQxpvqJPryO9pSuyd4=":{"valueMac":{"type":"Buffer","data":"lWIIZi5uXhyEdLKYQovzC+0Tla3ViQ0FpGWQgzr+rvw="}},"qa1K9XRYOaH74vce+9NUqrfPD78HONL6HF/T74rOFI0=":{"valueMac":{"type":"Buffer","data":"H58RGhZwnjb++LpC59kZH7RFveY735EUlBO+6kMGlqc="}},"WQDFGJYXJ96pw336QeeK3guoq/aGV+0eP/mDDlxMduA=":{"valueMac":{"type":"Buffer","data":"cYFRj9A0M5QdwWdE7cn/DHgJTzAHVuyc/WdQkKKTzE8="}},"v675iTdFfOspqX8PW1H+u7BUC/UmLjoNT4lhVGXB69A=":{"valueMac":{"type":"Buffer","data":"8OzUwkpAJkoi9Cz3eEcIFMOHywVRZPuPe6XUH3p9L1Q="}},"kHAEBAuj8MKI9sdtNA5fhe+UIWqohC5GgGhBFu8LiZQ=":{"valueMac":{"type":"Buffer","data":"WeCGr57GG4GL4vR+AF4Z1fJpPlOqiZ4v+OX2UQjaZH8="}},"wH0tMWj9tcUr0V16FR1fB4FrbBdPO33mSlYYAMd9DDE=":{"valueMac":{"type":"Buffer","data":"cIg8iqg0xrvfq3J0bhyvlVfLSOtaigRo/uTqQ72IN1c="}},"RealXwYQS5EtufzbC79o22Td+tKTEAKjRIfFBRo3i3A=":{"valueMac":{"type":"Buffer","data":"4LNQj6LYiCfb76bnGRh+KjQlldz23jLszpQ4zcgzbjc="}},"bivZ2Hp8vpBqUjE+To5VMDZlMWW5tCZ4qVcgfkkmtRA=":{"valueMac":{"type":"Buffer","data":"5gNZGifqlnpl9Txr+nT/Xg/OLVx4tf6IaOwimLk0m5k="}},"gsx7NmlWzpU79KLCRi/jmn01LUIDvjXwYMXae1d4Wdc=":{"valueMac":{"type":"Buffer","data":"/XHH+YldBme44or1nYtUiEkicGqCv3kx4yRIYhfgAtI="}},"23hiSJln7ThFsNX43O7kE5mjdcgkYEhNZOMvr+w5+RQ=":{"valueMac":{"type":"Buffer","data":"FFJkYf/dmhXH/NqMfTAgmoextoU4y0iSpUJGjRxyBA0="}},"WL3uddYrtQN0gF/EScqWh9JKOvgXOA0BwV2TjpBBhwU=":{"valueMac":{"type":"Buffer","data":"/8bXZz7UsVWoJpNWwG4uDWqgneJWMAelDTrF2zNdV3s="}},"aIEhFZDrohv6xme1FEThHX0Q51IeTRaHI1j027IgXQk=":{"valueMac":{"type":"Buffer","data":"gq5i3pwhpRFXtF5pWAuZvgfEv0MyhCz25QCmrbXYlnc="}},"v8iskBIroGjz2ZKvcMxjzZ/y56vVNiV0bI+n7dxjNY8=":{"valueMac":{"type":"Buffer","data":"Tf9IH7mcJzgP/sGvTJhyb/z2SKvEM7ex658sJHZNtz0="}},"JPWeENJS/xApggT6NhgVAwtWCr43Z3DvX4WMbfFCTOU=":{"valueMac":{"type":"Buffer","data":"O5hbTO5mdc4oW7MeMPXH751Hcrp7EkCWUNp64pQEWR4="}},"BobtRxRuY7axmQX/mTtE39Ker9IB/gLWp8Vsz/LbpWo=":{"valueMac":{"type":"Buffer","data":"EHUlgLWmHe55/dps9Hsd5+rrvI2SEdUH0eX1wjuO+Kg="}},"gmM4iLRou/cCQC+/iy281P/y5ET6BA8j+PQACYKHi14=":{"valueMac":{"type":"Buffer","data":"lBLIUz/6OQ6lNpQzodBu72PaTpVDpLVuolc8ujMP7uo="}},"xgSiDFIR2FYjr7DxsCGleaP65jJ7ea7MrjQt3RNJTME=":{"valueMac":{"type":"Buffer","data":"RhvRfyxZg5WkJ9bgI7vXHcfQg/ietW8yvdUQtrvfGpc="}},"uNi+IA0TiZshgmulvriBXzdloLNBJjKkzq9oWoqA6Ug=":{"valueMac":{"type":"Buffer","data":"1D4K9ErpOJ6DTX+p9Zty1pDGy8OcPNwTyMwgZfGiBdw="}},"fgr/aRIMYAkpNkHbxkauwHjZWJv5/yFxRt6HwgmugaM=":{"valueMac":{"type":"Buffer","data":"slMqNZC2MBNEB59Tz4E/p9Onby+VnCao5v98nPvDXBk="}},"iSn1UcN2MzfcL85bMZzQoobes2WjCL5stqAMJSeRtVk=":{"valueMac":{"type":"Buffer","data":"2zmMbh00TDK1Otge2WTrIjvss9E6jDhxXRI2COs0AC4="}},"jlYBK6gYh6TsInj33DO/TaezK8kNrQ9A/EPf9aFHEV4=":{"valueMac":{"type":"Buffer","data":"dTKM0tTlLgsNbtiB9udZdWw9oECRzNUxojhn/T/ZS0Y="}},"4XuKhJRfHUFDpxBeonYsxDJyGp83ypnutDIoYMzCwG0=":{"valueMac":{"type":"Buffer","data":"PzA2XDHkqN3kr5ASHJeqT9csE6Pax4GhnNsnwLKEz6M="}},"b9XfhCR9m3EhIeF2vLuq4b5+N2a4Vh4vLWTI3B/sys8=":{"valueMac":{"type":"Buffer","data":"ikQZf41eHj+W+m5H7z45Yb1y9NHDIZj6HZwO8IBegKc="}},"d9JkweeWV67EwENHJrLb9PEogNGDE24ASbcYFzjuCIg=":{"valueMac":{"type":"Buffer","data":"DfVtF64MFjptjOS6tEmrO/SWQICMiKzQqPJpapnhRcA="}},"y5LdxUI2PcoXD4RzONRSpVuvjxsl/mHUzhRsYJ7y7x0=":{"valueMac":{"type":"Buffer","data":"NT+PykihutU1XwX9kp4U378VXs6NwEreoVCAZfnARWM="}},"FmG4AOIWAaE91BnXsvA3G1aG/A7CLEYKNL9Wdz9R72I=":{"valueMac":{"type":"Buffer","data":"LJhOf0mTFIv6/rfQUPs9PnukKEpDryoiAdpUL88OmSg="}},"svoVJT7yEIVpuW0pzVpiMQ8JnTpgo5MKk/ZkDYmpih8=":{"valueMac":{"type":"Buffer","data":"sUoFXYPPqZ/wl+j4pn8+UZgsPiS9Gdd2dJyCAdpuRg0="}},"buXdxHIPGIBgb4ICwJdAd8BpRzyWIHUTCk62/a1qbWI=":{"valueMac":{"type":"Buffer","data":"KyMQ1vFKnDBndUWRl5mjWvXyBub3q1WJ5+oLVDm1sVE="}},"eROIYBGjNOYQAZD8D//WXMCjhSv8puwSS1bHcjSgSiw=":{"valueMac":{"type":"Buffer","data":"PjrwhGoEfQXxxtcc8L31+kYiO+uwYoIz+S5iKNcmPWE="}},"pgLtYA+Xx+/RuwFPGRmhEXexeRQtEkCLb1ESRre2zOE=":{"valueMac":{"type":"Buffer","data":"YDhnlb5BgYgZbxcq6ifjoCMTb5YIIKDEOI41vlsOSxM="}},"N7egJqNyIWSSyQTTm7nHXEXbEo22Db0oSM/d7A1ngE8=":{"valueMac":{"type":"Buffer","data":"pZdMSQwr6nu5/DFy/XNrVdUP9CbqT37EyBAkAe+dnrM="}},"BviW5jTjW4dmwVl9Tz2UuyNN0Fn26akPgyvLY6gNmL4=":{"valueMac":{"type":"Buffer","data":"JqeikczzXJ5bL4sSMlMFR7g/+VoE3bQ8kaGOvEMtKa0="}},"TUmQBU8TT2WVXWk8JT733VNvkrC4uNQ9Ilqo6nm8S58=":{"valueMac":{"type":"Buffer","data":"HARMbVLCO2X8gSgzospjTmXl6lIOqNT7NyYHf5RT8jo="}},"0BDPbP5vyxHrwBf01GwiVWrGgGfffAJazrvM4UxfIjY=":{"valueMac":{"type":"Buffer","data":"7XEvHJGE/WMEAa7zYsoA7gDqRKP3r0DymNVair+zJBI="}},"TfO1ZTgxLLhx98l2A+dQJ9cXlgW9YLWZ9Uzw3aH7yV4=":{"valueMac":{"type":"Buffer","data":"sc7bhZfZa5OHuLDV3s+SADHVhIV9LPLfqSWWf00T6eg="}},"AhpvPFGiVHu87AAEIjqFXSVoH1vdMbSK3CC1FVhFT7I=":{"valueMac":{"type":"Buffer","data":"Eh/ynWOLPg8UtUCwYMhLC9ujo8YSKiLkGVYeK1euE9A="}},"UIINhFKclgCUhJCjIEjTsXfoy9iyZNnfD24hHeXLD7M=":{"valueMac":{"type":"Buffer","data":"0wnwttdtj5mhI/VBBr2wGBSbm7YJOyftJVZBb42gbUI="}},"YclUpLNnszpCThPhjYdAO9wWxuzlBmE0VrxTiBpeeqs=":{"valueMac":{"type":"Buffer","data":"fSY1Ui8HfTuKhahGdZMfMX+elOLI6V/2E+jELLJVMng="}},"iqqxPqvM+uxNWbX5fcGltVHEbYvXjiAF7p8x2EuNs6c=":{"valueMac":{"type":"Buffer","data":"0cwrWxXLATHhg++WcRZndVEfvZYtmz/euPnNTMjOLdk="}},"1mqARvwgErzZZYR1R78saQGIuBbRQj3EzUXIQM88s/4=":{"valueMac":{"type":"Buffer","data":"o6ZOfMap0wKvf2LG53Sj54n7ki3blXOO2xTMwmJuRSs="}},"Vbqu5T/zYzuHjlB2VLeo36ZTl5kEV995wAy23jvTrxQ=":{"valueMac":{"type":"Buffer","data":"XKqnP+BPj13E5bSUkUp3zOMqW8qJlalriZPzfyGN00c="}},"VY5TE5HlMFQEaHUFaoDNMADPGVzUdxpujN6XdRQvue4=":{"valueMac":{"type":"Buffer","data":"sX5OM7KQ1myx5iOZ0sVKSvIXKrera6ShtTgdPzWr3eg="}},"tY+vmmF66NsRvB9gN6qpnBj0u16MebO5rvt1GsPEQMM=":{"valueMac":{"type":"Buffer","data":"fyI4nX/oSYuRMaYh1PQ6E65yyEmmiVj7jsu6v6vyCIY="}},"WcwcOj4IgwdBmXuxsTjsf8cDTuCKbf2U/Gy9Yw463sM=":{"valueMac":{"type":"Buffer","data":"jWxF6xJranZ2L8Dh6LA7UqCKTSCxSxpWtHu4hkduJsQ="}},"nkOhVNdmEgL4jCOWu0QmhVBZ2zqbw4EaBxMfWhbTiSk=":{"valueMac":{"type":"Buffer","data":"djarSPaj3oAIELo7qP0xDUJNhyVw3YH8rRh2NG7L0OI="}},"VpgC8XKeZLeTiGZS37m5/2IoPk/T2fTNAKPnkUIkoYA=":{"valueMac":{"type":"Buffer","data":"Sez1qPhGPaQPrOMHhT8XQGYu9fBUr0l6OOVHLaawH7I="}},"NZCOaJFGYMGMWFWm8GiGyHzRtEAhZWdA4GSQP8Hj0dM=":{"valueMac":{"type":"Buffer","data":"iQw5U2znTVaHmhFrXy7yBS1pSlG0tfC9oOjGGTc2zKQ="}}}}