{"noiseKey":{"private":{"type":"Buffer","data":"2DLOtKW785+4b5b+fsfr4e1OB2Vo5qnI7F9aj1sFG1I="},"public":{"type":"Buffer","data":"pgTH3LEONldDZKfWYOF/mot7SGGLMrdjjOx5zKc03C8="}},"pairingEphemeralKeyPair":{"private":{"type":"Buffer","data":"yNSdP7ghcGijYtSj3v1EDn6ssp/cRXIZQQdzFi8UG1o="},"public":{"type":"Buffer","data":"/SrGs2lxEVOsZkg4H3AVN9eDp9Iru7sShBxdtsi/3HQ="}},"signedIdentityKey":{"private":{"type":"Buffer","data":"4GDbgvKn5WsZoLo2nFgM83tLxDW6YbIWg1yh3jNaBUY="},"public":{"type":"Buffer","data":"SlrCZcC0lW7vYUqlsSjLG+Yba0ivb5OWCeGZCzRndEY="}},"signedPreKey":{"keyPair":{"private":{"type":"Buffer","data":"YEvqlkBCGxwSYUr3g+prlEyzoqgII/pSMjSvYPX+Sks="},"public":{"type":"Buffer","data":"RR4QDgFiFm4+2yDaxNv+KI71aEon+XGHDbJYvhAEaRY="}},"signature":{"type":"Buffer","data":"mS/qdCGdKyZ5Yh/TAvjm2BJXAfxuHQ8+Kgkw1D7sDKFrbADMZmuERWUwAJjToVuRZv7gDH1oZLuMQrb6W8l9jQ=="},"keyId":1},"registrationId":211,"advSecretKey":"1Pz7a/cArTay/eYJO67+0M9k9GCFOwDp4RBvnwVuHQ0=","processedHistoryMessages":[{"key":{"remoteJid":"6288809776791@s.whatsapp.net","fromMe":true,"id":"AC66B505FE516D8848E33AA5D9A720E9"},"messageTimestamp":1762178953},{"key":{"remoteJid":"6288809776791@s.whatsapp.net","fromMe":true,"id":"AC1150DF1BBF969E9CDE6EDC09DF7D9A"},"messageTimestamp":1762178955},{"key":{"remoteJid":"6288809776791@s.whatsapp.net","fromMe":true,"id":"AC3CC3DD2361C1BEF7E61ABF1E275651"},"messageTimestamp":1762178980},{"key":{"remoteJid":"6288809776791@s.whatsapp.net","fromMe":true,"id":"AC8783D5F0CE44256FBB046721782C4B"},"messageTimestamp":1762178983}],"nextPreKeyId":31,"firstUnuploadedPreKeyId":31,"accountSyncCounter":1,"accountSettings":{"unarchiveChats":false},"deviceId":"Z09Qtc1ZTvaQY_O0y6wkEg","phoneId":"3b79466e-762f-46f9-b69b-503ac2aedb28","identityId":{"type":"Buffer","data":"4z/gme2PgS5aI9YHrCMVOnhkpPk="},"registered":true,"backupToken":{"type":"Buffer","data":"KY0sqZk3QrgzxFbWF4coaI0nr5I="},"registration":{},"pairingCode":"OTAXOTAX","me":{"id":"6288809776791:29@s.whatsapp.net","lid":"198574239412461:29@lid","name":"low profile"},"account":{"details":"CPfj77IHEIHvosgGGAEgACgA","accountSignatureKey":"tNTb6ZXD+v5mklOJnR1s6NJkULAnfHD8zk2oJtALaEs=","accountSignature":"QAuYwcVEiaT5j0gGTou29bU62f9Te1zJGd5TnwcKz8aIXEuAbjDNBzwYllAxueOEurZ3mLzB/+e7w8fIOrJTBQ==","deviceSignature":"raZ61D3JOTuMgxhnjL5LKA1Tjcn7PMrWv1dBKIrJXftnqnXWx9CwnCbIyEoeHDMUezFtWBB7109QKCLFb8cWhQ=="},"signalIdentities":[{"identifier":{"name":"6288809776791:29@s.whatsapp.net","deviceId":0},"identifierKey":{"type":"Buffer","data":"BbTU2+mVw/r+ZpJTiZ0dbOjSZFCwJ3xw/M5NqCbQC2hL"}}],"platform":"android","routingInfo":{"type":"Buffer","data":"CAgIAg=="},"lastAccountSyncTimestamp":1762178949,"lastPropHash":"3R9Z39","myAppStateKeyId":"AAAAAP7c"}