{"_sessions":{"BTNmVoXHvqfmDb2Bkh58YHgoON+23RvANEizBBkRPhpu":{"registrationId":609806659,"currentRatchet":{"ephemeralKeyPair":{"pubKey":"BXjmuQk+9tMxDb5luaXsNfaFwaS5R2IwGPuSEeRVv2BH","privKey":"aMh8rfGxVNAC0FybH7uD5cHVONpsZm5ClqMM0YQxb3M="},"lastRemoteEphemeralKey":"BWooflf1TZ0aH7QjCblTYg90400D4RKQS1YhK7A8KfUu","previousCounter":0,"rootKey":"7p8zjirEdPdpC9IFbabTeExfwrUhhZfA/Jaw0qSzJRw="},"indexInfo":{"baseKey":"BTNmVoXHvqfmDb2Bkh58YHgoON+23RvANEizBBkRPhpu","baseKeyType":2,"closed":-1,"used":1762178950759,"created":1762178950759,"remoteIdentityKey":"BbTU2+mVw/r+ZpJTiZ0dbOjSZFCwJ3xw/M5NqCbQC2hL"},"_chains":{"BWooflf1TZ0aH7QjCblTYg90400D4RKQS1YhK7A8KfUu":{"chainKey":{"counter":14,"key":"H+hYQF0WubzbcJNAgmdqEhT1xHfeNeIdCRZaMAxq86I="},"chainType":2,"messageKeys":{}},"BXjmuQk+9tMxDb5luaXsNfaFwaS5R2IwGPuSEeRVv2BH":{"chainKey":{"counter":-1,"key":"sloxhVBLssYThjNBcH56jdrcMeZoalNMbvEY9Vhmg1g="},"chainType":1,"messageKeys":{}}}}},"version":"v1"}