{"_sessions":{"BV8BMWvfXQZok5zbo+mb4yWzQP4akzF/zg+bTPtPm6lu":{"registrationId":998981936,"currentRatchet":{"ephemeralKeyPair":{"pubKey":"BVWO7w7zmhzdgN1vAL+TexJV5sC+I+ehrh5Wrd239lY7","privKey":"4FADbaQ6d3elDQX3rJ3cfaUUX/0JcHYN4DLFMom2cmQ="},"lastRemoteEphemeralKey":"BaUZPZH4sKvC6dFYaPg+USDxfui6B2RQSebOZj8HOJ5a","previousCounter":0,"rootKey":"sKx8X0bHZsCh0EWMNPWhwGIdM5cSqVaAKUBOvr0eDSw="},"indexInfo":{"baseKey":"BV8BMWvfXQZok5zbo+mb4yWzQP4akzF/zg+bTPtPm6lu","baseKeyType":2,"closed":-1,"used":1762178962257,"created":1762178962257,"remoteIdentityKey":"BaYi2OcHFKRFNOg0Rz+49GY0zaOWlv0++0FoiBaQG7gR"},"_chains":{"BaUZPZH4sKvC6dFYaPg+USDxfui6B2RQSebOZj8HOJ5a":{"chainKey":{"counter":3,"key":"POXy5Ave6dWOPJM2mvML2v0bUT2vqXMV48plBKiZQFA="},"chainType":2,"messageKeys":{}},"BVWO7w7zmhzdgN1vAL+TexJV5sC+I+ehrh5Wrd239lY7":{"chainKey":{"counter":-1,"key":"F5zNlDE54lP8F+MtIsA0vYOvu15DzNHvUuR5kJsd4lE="},"chainType":1,"messageKeys":{}}}}},"version":"v1"}